dcf20,dfcf20,dfcfTerminal,discountRate,dni20,flag_dcf_missing,flag_dcf_negative,flag_dfcf_missing,flag_dfcf_negative,flag_dni_missing,flag_meanpb_missing,flag_meanps_missing,growth_11_20,growth_1_5,growth_6_10,industry,meanPB,meanPE,meanPE_noNRI,meanPS,medianPB,medianPE,medianPS,oraclePremiumPct,oracleValue,ratio_oracle_dcf,ratio_oracle_meanPB,ratio_oracle_meanPS,ratio_oracle_medianPB,ratio_oracle_medianPS,ruleOf40,sector,source_file,ticker,predictedOracle,strategyUsed,absError,pctError
174.46,81.29,47.29,7.77,64.92,False,False,False,False,False,False,False,4.0,25.33,8.3,Auto - Manufacturers,468.9294,370.116,351.7472,368.2896,388.3284,160.771,326.796,76.49,245.75,1.408632351255302,0.524066096090371,0.6672737975766896,0.6328406575465508,0.7519981884723191,5.07,Consumer Cyclical,stockoracle_payloads/auto_cluster_2025-10-25.json,TSLA,240.72464717290174,auto_manufacturers,5.02535282709826,0.0204490450746623
381.73,-138.73,,6.87,,False,False,False,True,True,False,False,4.0,9.79,4.0,Auto - Manufacturers,69.7172,35.358,36.6268,77.772,57.6234,31.5234,64.1619,50.03,46.43,0.1216304717994394,0.6659762583695271,0.5970014915393714,0.8057490533359712,0.7236381715628745,4.79,Consumer Cyclical,stockoracle_payloads/auto_cluster_2025-10-25.json,GM,46.60144259392777,auto_manufacturers,0.17144259392777172,0.0036924961001027724
59.45,22.36,84.23,7.47,,False,False,False,False,True,False,False,4.0,8.83,4.0,Auto - Manufacturers,13.9872,-1.3224,-3.7996,15.4539,12.8592,12.1568,14.049,-0.93,13.97,0.2349873843566021,0.9987703042781972,0.9039789308847604,1.086381734478039,0.9943768239732366,7.0,Consumer Cyclical,stockoracle_payloads/auto_cluster_2025-10-25.json,F,15.335737366107693,auto_manufacturers,1.3657373661076928,0.09776215934915482
225.59,-167.7,,5.37,174.21,False,False,False,True,False,False,False,4.0,0.99,4.0,Auto - Manufacturers,204.8408,208.2855,207.7902,203.811,201.012,198.0348,201.3255,-9.77,227.61,1.0089542976195751,1.1111555900972854,1.116769948628877,1.1323204584800908,1.1305572319452826,13.66,Consumer Cyclical,stockoracle_payloads/auto_cluster_2025-10-25.json,TM,227.60999999999987,auto_manufacturers,1.4210854715202004e-13,6.243510704802954e-16
22.76,-88.28,,5.37,47.54,False,False,False,True,False,False,False,4.0,10.42,10.3,Auto - Manufacturers,34.7826,25.7115,24.4245,37.152,34.7826,23.4545,38.184,-17.27,38.1,1.6739894551845342,1.0953752738438185,1.025516795865633,1.0953752738438185,0.9978001257071024,6.25,Consumer Cyclical,stockoracle_payloads/auto_cluster_2025-10-25.json,HMC,38.09999999999998,auto_manufacturers,2.1316282072803006e-14,5.594824691024411e-16
4.54,-9.89,,7.77,,False,False,False,True,True,False,False,4.0,0.0,4.0,Auto - Manufacturers,4.05,15.3216,16.0208,16725.669,9.15,10.032,21.3188,-21.09,16.45,3.623348017621145,4.061728395061729,0.0009835182078516,1.797814207650273,0.771619415726964,-82.77,Consumer Cyclical,stockoracle_payloads/auto_cluster_2025-10-25.json,RIVN,15.259299579066477,auto_manufacturers,1.1907004209335224,0.07238300431206823
,-178.01,,5.37,,True,False,False,True,True,False,False,4.0,0.0,10.61,Auto - Manufacturers,37.7104,70.1688,55.6385,37924.0,21.7952,44.3226,41.1616,-52.71,39.08,,1.0363188934617509,0.0010304820166649,1.7930553516370575,0.9494285936406748,-270.53,Consumer Cyclical,stockoracle_payloads/auto_cluster_2025-10-25.json,LCID,35.84945602817169,auto_manufacturers,3.230543971828311,0.08266489180727511
,,,7.77,,True,False,True,False,True,False,False,4.0,9.06,4.0,Auto - Manufacturers,20.2028,-34.8621,-29.5659,14.8824,20.2028,-2.8574,14.8824,-46.56,20.36,,1.0077810996495535,1.3680589152287264,1.0077810996495535,1.3680589152287264,-9.71,Consumer Cyclical,stockoracle_payloads/auto_cluster_extra_2025-10-27.json,STLA,18.822820039964476,auto_manufacturers,1.5371799600355232,0.07549999803710822
,,,6.87,,True,False,True,False,True,False,False,4.0,0.0,21.94,Auto - Manufacturers,0.2093,29.7017,28.896,28.9008,-0.4277,9.7395,10.2384,6.15,6.5,,31.05590062111801,0.2249072690029341,-15.19756838905775,0.6348648226285357,-17.1,Consumer Cyclical,stockoracle_payloads/auto_cluster_extra_2025-10-27.json,NIO,6.5000000000000115,auto_manufacturers,1.1546319456101628e-14,1.7763568394002505e-15
48.05,29.99,28.82,5.97,31.75,False,False,False,False,False,False,False,4.0,6.06,4.0,Auto - Manufacturers,41.9565,166.74,495.1968,109.6896,38.5191,14.154,65.7024,-48.28,42.38,0.8819979188345475,1.0100937876133615,0.3863629733356672,1.1002333907074673,0.6450297097214105,9.27,Consumer Cyclical,stockoracle_payloads/auto_cluster_extra_2025-10-27.json,LI,44.736867499999995,auto_manufacturers,2.356867499999993,0.05561273006134952
,,,7.77,,True,False,True,False,True,False,False,4.0,0.0,4.0,Auto - Manufacturers,16.6875,15.872,16.0713,86.922,14.5515,11.4514,26.34,38.55,16.73,,1.0025468164794007,0.1924714111502266,1.1497096519259182,0.6351556567957479,59.93,Consumer Cyclical,stockoracle_payloads/auto_cluster_extra_2025-10-27.json,XPEV,16.85066260972303,auto_manufacturers,0.12066260972303056,0.007212349654693996
,-84.56,219.14,6.27,44.27,True,False,False,True,False,False,False,4.0,7.79,6.33,Banks - Diversified,221.1792,235.2003,233.8588,278.1357,222.4288,229.4687,266.0865,41.35,212.55,,0.9609854814557608,0.764195319047501,0.9555866866161216,0.7988003900987085,28.1,Financial Services,stockoracle_payloads/banks_cluster_2025-10-27.json,JPM,204.15160379999998,min_ps_pb,8.398396200000036,0.039512567395907014
,-7.32,131.78,6.87,19.37,True,False,False,True,False,False,False,4.0,15.72,8.45,Banks - Diversified,44.781,0.0,46.3379,61.6237,44.781,0.0,49.8615,21.21,43.37,,0.9684911011366428,0.7037876661089808,0.9684911011366428,0.86980937196033,19.34,Financial Services,stockoracle_payloads/banks_cluster_2025-10-27.json,BAC,43.258446,min_ps_pb,0.11155399999999815,0.002572146645146372
4583.52,4403.71,27132.73,7.17,,False,False,False,False,True,False,False,4.0,11.7,14.7,Financial - Capital Markets,461.7488,0.0,595.3809,666.1134,437.0752,0.0,681.695,68.17,466.13,0.1016969490697106,1.0094882758764072,0.6997757438898542,1.066475517256527,0.6837808697438004,4.57,Financial Services,stockoracle_payloads/banks_cluster_2025-10-27.json,GS,466.0919596,mean_ps_pb,0.03804039999999986,8.160899319932179e-05
,-52.29,53.31,6.57,101.45,True,False,False,True,False,False,False,4.0,13.72,15.67,Banks - Diversified,60.61,0.0,113.4675,72.694,59.0425,0.0,73.8418,47.99,58.39,,0.9633723807952485,0.8032299777148045,0.9889486386924674,0.7907445376466987,17.47,Financial Services,stockoracle_payloads/banks_cluster_2025-10-27.json,WFC,53.357396,min_ps_pb,5.032603999999999,0.08618948450077067
1087.38,846.32,13222.62,7.17,162.77,False,False,False,False,False,False,False,4.0,26.08,25.37,Banks - Diversified,69.3824,74.1675,73.9629,97.4877,67.2142,58.29,86.5545,46.08,67.62,0.0621861722672846,0.9745987455031824,0.6936259651217539,1.0060374147129625,0.7812418765055543,11.61,Financial Services,stockoracle_payloads/banks_cluster_2025-10-27.json,C,67.0233984,min_ps_pb,0.5966015999999996,0.008822857142857137
1180.98,-46.01,,5.37,1500.52,False,False,False,True,False,False,False,4.0,29.6,26.57,Drug Manufacturers - General,799.599,983.9076,970.6664,763.551,711.591,817.1618,712.6476,-14.34,963.6,0.8159325306101712,1.2051040584092776,1.2619982162291712,1.3541486612393918,1.3521409459598264,81.96,Healthcare,stockoracle_payloads/biotech_highgrowth_2025-10-27.json,LLY,984.93732,dcf_pref_ps_cap,21.337319999999977,0.02214333748443335
11562.32,10522.37,17691.04,5.37,10936.01,False,False,False,False,False,False,False,4.0,131.01,4.0,Biotechnology,424.1733,-307.414,-310.5144,423.3762,411.4414,343.944,420.2955,-0.7,424.36,0.0367019767659085,1.00044015028763,1.002323701710205,1.03139839598057,1.0096705770106984,49.75,Healthcare,stockoracle_payloads/biotech_highgrowth_2025-10-27.json,VRTX,424.2229524,max_ps_pb,0.1370476000000167,0.00032295126779153713
825.1,631.28,1186.09,5.37,778.58,False,False,False,False,False,False,False,4.0,4.33,4.0,Biotechnology,1024.2232,721.4242,691.38,821.9892,1043.9198,654.0858,802.3557,-30.01,825.75,1.000787783298994,0.8062207534451475,1.0045752425944283,0.7910090411159939,1.0291570185143573,35.02,Healthcare,stockoracle_payloads/biotech_highgrowth_2025-10-27.json,REGN,825.5238992,max_ps_pb,0.22610080000004018,0.00027381265516202263
,-93.84,,7.77,,True,False,False,True,True,False,False,4.0,0.0,4.0,Biotechnology,153.6576,-32.8372,-31.1328,129.1004,74.4128,-26.3296,32.4337,21.0,22.1,,0.143826273480778,0.1711845974141056,0.2969919153693988,0.6813900356727725,-677.68,Healthcare,stockoracle_payloads/biotech_highgrowth_2025-10-27.json,MRNA,129.3586008,max_ps_pb,107.25860080000001,4.853330352941176
197.49,169.24,609.3,5.37,136.15,False,False,False,False,False,False,False,4.0,0.99,4.0,Drug Manufacturers - General,319.9714,187.2185,189.164,230.5952,319.9714,154.2597,230.5952,-20.44,188.4,0.9539723530305332,0.588802624234541,0.8170161391043699,0.588802624234541,0.8170161391043699,36.52,Healthcare,stockoracle_payloads/biotech_highgrowth_2025-10-27.json,BIIB,164.70666,dcf_pref_ps_cap,23.693340000000006,0.12576082802547775
223.39,187.12,571.67,5.37,232.26,False,False,False,False,False,False,False,4.0,7.34,9.1,Drug Manufacturers - General,189.4625,229.9616,260.8956,174.524,188.474,248.2634,174.1446,2.21,186.28,0.8338779712610234,0.983202480701986,1.0673603630446242,0.988359137069304,1.06968576688568,34.72,Healthcare,stockoracle_payloads/healthcare_cluster_2025-10-27.json,JNJ,186.30725999999999,dcf_pref_ps_cap,0.027259999999984075,0.00014633884474975347
455.08,390.06,714.18,5.37,319.96,False,False,False,False,False,False,False,4.0,2.01,4.0,Medical - Healthcare Plans,572.5449,586.404,578.4436,622.6176,591.3855,570.492,641.2032,-10.37,404.43,0.888700887755999,0.7063725482490544,0.6495640341680029,0.6838686440570492,0.6307360911486405,14.59,Healthcare,stockoracle_payloads/healthcare_cluster_2025-10-27.json,UNH,404.05211917374976,healthcare_plans,0.377880826250248,0.0009343540940341913
83.85,44.71,79.4,5.37,34.44,False,False,False,False,False,False,False,4.0,7.31,4.21,Drug Manufacturers - General,48.9978,30.057,29.946,41.0558,47.1942,32.3145,41.6537,1.86,42.45,0.5062611806797854,0.8663654286518987,1.0339586611392302,0.8994749354793597,1.0191171492568487,24.92,Healthcare,stockoracle_payloads/healthcare_cluster_2025-10-27.json,GSK,42.4516972,dcf_pref_ps_cap,0.0016971999999952914,3.9981154299064576e-05
102.29,60.34,123.42,5.37,59.02,False,False,False,False,False,False,False,4.0,11.86,5.0,Drug Manufacturers - General,90.9902,278.3475,112.292,84.942,81.6172,99.2172,85.4865,-2.58,85.5,0.8358588327304721,0.9396616338902432,1.0065691883873702,1.047573305626755,1.000157919671527,38.7,Healthcare,stockoracle_payloads/healthcare_cluster_2025-10-27.json,AZN,85.30986,dcf_pref_ps_cap,0.19013999999999953,0.0022238596491228014
338.04,234.87,480.64,5.37,393.99,False,False,False,False,False,False,False,4.0,7.37,4.0,Medical - Healthcare Plans,538.424,444.8927,440.7384,592.212,564.1575,455.5266,609.63,-33.15,512.13,1.5149982250621228,0.9511648812088614,0.8647747766002716,0.907778412943194,0.8400669258402638,15.42,Healthcare,stockoracle_payloads/healthcare_plans_2025-10-27.json,ELV,515.9826332764651,healthcare_plans,3.852633276465099,0.007522764291225077
595.1,443.55,1590.6,5.37,564.29,False,False,False,False,False,False,False,4.0,11.35,11.62,Medical - Healthcare Plans,288.1044,305.5343,306.1944,438.363,286.596,284.5791,448.1044,-31.27,439.05,0.7377751638380105,1.5239267432222487,1.0015671943115638,1.5319474102918391,0.9797939944352254,24.55,Healthcare,stockoracle_payloads/healthcare_plans_2025-10-27.json,CI,439.2107826053686,healthcare_plans,0.16078260536858124,0.0003662056835635605
748.87,611.05,1798.9,5.37,369.8,False,False,False,False,False,False,False,4.0,18.14,6.56,Medical - Healthcare Plans,477.5715,263.004,264.3344,550.5786,529.1189,261.702,642.3417,-34.25,442.04,0.5902760158639017,0.9255996222555156,0.8028644774787832,0.8354265931532591,0.6881695521246715,13.27,Healthcare,stockoracle_payloads/healthcare_plans_2025-10-27.json,HUM,440.10696002191247,healthcare_plans,1.9330399780875496,0.0043729978691691915
53.98,31.37,96.18,5.37,65.25,False,False,False,False,False,False,False,4.0,3.58,4.0,Medical - Healthcare Plans,80.91,94.9312,91.8372,101.0912,82.026,71.136,97.4808,-54.52,74.91,1.387736198592071,0.9258435298479792,0.7410140546358139,0.9132470192378026,0.7684590196223255,12.14,Healthcare,stockoracle_payloads/healthcare_plans_extra_2025-10-27.json,CNC,73.59784774180451,healthcare_plans,1.312152258195482,0.017516383102329225
,,,5.37,334.61,True,False,True,False,False,False,False,4.0,6.29,4.0,Medical - Healthcare Plans,433.9104,338.7548,325.134,475.1992,444.5938,339.4276,500.6563,-64.54,460.55,,1.061394241760511,0.9691725070244226,1.035889389370702,0.91989254904013,14.9,Healthcare,stockoracle_payloads/healthcare_plans_extra_2025-10-27.json,MOH,458.1815397756563,healthcare_plans,2.368460224343721,0.005142677720863579
147.8,79.97,354.7,5.37,73.91,False,False,False,False,False,False,False,4.0,12.74,10.58,Medical - Healthcare Plans,83.0552,63.2961,63.3635,97.376,80.6124,55.8705,88.247,32.02,62.06,0.4198917456021651,0.747213901116366,0.63732336510023,0.7698567466047408,0.7032533683864608,9.62,Healthcare,stockoracle_payloads/healthcare_plans_extra_2025-10-27.json,CVS,64.0381174050404,healthcare_plans,1.9781174050403934,0.03187427336513685
900.06,876.46,503.01,7.77,,False,False,False,False,True,False,False,4.0,81.28,4.0,Medical - Healthcare Plans,9.9904,-6.3867,-15.9104,53.7344,9.3632,1.769,19.3108,18.19,16.0,0.0177765926715996,1.601537475976938,0.2977608384945212,1.7088174982911823,0.8285518984195372,40.24,Healthcare,stockoracle_payloads/healthcare_plans_extra_2025-10-27.json,OSCR,1024.4482919999998,healthcare_plans,1008.4482919999998,63.02801824999999
134.58,134.58,343.76,6.27,128.34,False,False,False,False,False,False,False,4.0,13.08,11.65,Banks - Regional,54.1317,53.1829,53.0955,66.5742,52.6785,51.6971,51.9939,-7.33,52.08,0.3869817209094962,0.962097994336036,0.7822850293356886,0.9886386286625471,1.0016559634880249,27.14,Financial Services,stockoracle_payloads/regional_banks_credit_2025-10-27.json,USB,49.7470323,min_ps_pb,2.3329676999999975,0.0447958467741935
588.27,588.27,1265.74,6.27,409.73,False,False,False,False,False,False,False,4.0,12.8,11.15,Banks - Regional,217.993,216.9225,190.185,246.3321,225.51,206.193,205.992,-2.38,190.99,0.3246638448331548,0.8761290500153676,0.7753354110162664,0.8469247483481886,0.9271719290069518,27.84,Financial Services,stockoracle_payloads/regional_banks_credit_2025-10-27.json,PNC,191.8927059,min_ps_pb,0.9027059000000008,0.004726456358971678
1752.52,1619.87,2158.04,6.57,,False,False,False,False,True,False,False,4.0,18.66,20.59,Financial - Credit Services,163.09,8.322,34.8887,161.0037,159.62,-4.662,142.9893,39.66,161.11,0.091930477255609,0.987859464099577,1.000660233274142,1.009334669840872,1.126727664237814,-25.93,Financial Services,stockoracle_payloads/regional_banks_credit_2025-10-27.json,COF,158.68657,median_all,2.4234300000000246,0.015042083048848765
766.17,685.72,755.58,6.87,376.11,False,False,False,False,False,False,False,4.0,8.86,14.37,Financial - Credit Services,256.4225,293.641,293.8761,295.074,250.7765,276.0676,285.9948,45.52,245.71,0.320699061565971,0.9582232448400588,0.8327063719609318,0.9797967512904918,0.8591414948803265,30.44,Financial Services,stockoracle_payloads/regional_banks_credit_2025-10-27.json,AXP,249.49909250000002,median_all,3.7890925000000095,0.015420994261527855
322.03,208.14,442.71,5.67,114.24,False,False,False,False,False,False,False,4.0,14.13,14.17,REIT - Specialty,178.5836,282.8064,162.978,226.1237,178.1078,246.7614,208.6117,6.93,179.11,0.5561904170418907,1.0029476390889198,0.7920885780658994,1.0056269293091038,0.8585807986800357,40.29,Real Estate,stockoracle_payloads/reits_cluster_2025-10-27.json,AMT,193.1096398,max_ps_pb,13.999639799999983,0.07816224554742886
136.97,117.43,213.47,5.97,,False,False,False,False,True,False,False,4.0,0.0,18.6,REIT - Specialty,39.5136,-425.7596,-300.732,102.49,-25.9651,-378.1946,91.6316,12.52,87.53,0.639045046360517,2.215186669906058,0.8540345399551176,-3.371063465960077,0.9552381492847444,22.69,Real Estate,stockoracle_payloads/reits_cluster_2025-10-27.json,CCI,87.52646,max_ps_pb,0.003540000000000987,4.04432765908944e-05
1496.45,-114.88,,5.67,329.76,False,False,False,True,False,False,False,4.0,14.56,21.62,REIT - Specialty,869.2164,1125.6414,1121.965,878.3523,863.46,922.6386,861.9345,-3.6,870.88,0.5819639814227003,1.0019139077449528,0.9914928212745614,1.0085933337965858,1.0103783988226485,5.43,Real Estate,stockoracle_payloads/reits_cluster_2025-10-27.json,EQIX,871.8240491999999,max_ps_pb,0.9440491999998812,0.001084017545471111
258.95,226.52,254.35,5.67,126.61,False,False,False,False,False,False,False,4.0,4.63,4.0,REIT - Industrial,282.0055,262.434,262.568,362.34,279.1425,271.7772,338.85,7.5,281.15,1.085730836068739,0.9969663712232564,0.7759286857647514,1.0071916673383663,0.8297181643795188,50.0,Real Estate,stockoracle_payloads/reits_cluster_2025-10-27.json,PSA,281.15948349999996,min_ps_pb,0.009483499999987544,3.373110439262865e-05
25.83,25.77,43.72,5.37,30.93,False,False,False,False,False,False,False,4.0,4.48,4.12,REIT - Diversified,35.5423,47.9196,43.2824,39.8083,35.0309,37.3491,39.3631,-12.41,35.61,1.37862950058072,1.0019047726230437,0.8945370689027162,1.0165311196686353,0.904654359031682,114.15,Real Estate,stockoracle_payloads/reits_cluster_2025-10-27.json,VICI,35.613384599999996,min_ps_pb,0.0033845999999968512,9.504633529898488e-05
65.53,47.47,48.76,6.87,27.08,False,False,False,False,False,True,False,4.0,7.51,6.1,REIT - Industrial,,134.0101,131.445,159.0446,0.0,122.7597,150.4624,-8.51,138.19,2.1088051274225545,,0.8688757744682938,,0.9184354363615096,51.07,Real Estate,stockoracle_payloads/reits_expanded_2025-10-27.json,PLD,130.7346612,min_ps_pb,7.455338799999993,0.05394991533396044
80.96,50.49,45.0,7.47,2.32,False,False,False,False,False,False,False,4.0,-1.18,4.0,REIT - Retail,113.0616,139.8556,153.5604,150.612,103.5414,129.4936,154.8624,59.19,111.87,1.3817934782608696,0.989460612621792,0.7427695004382121,1.080437390261287,0.7223832253665189,53.02,Real Estate,stockoracle_payloads/reits_expanded_2025-10-27.json,SPG,112.9485384,median_all,1.0785383999999993,0.009640997586484306
96.9,92.76,147.23,5.37,1.37,False,False,False,False,False,False,False,4.0,18.41,4.0,REIT - Retail,66.7992,60.16,56.7839,74.2361,60.8044,57.32,70.4727,-10.66,67.15,0.6929824561403509,1.0052515598989211,0.9045464403437145,1.1043608686213495,0.9528512459434648,62.54,Real Estate,stockoracle_payloads/reits_expanded_2025-10-27.json,O,67.18367049999999,median_all,0.03367049999998528,0.0005014221891285969
141.67,-91.8,,5.97,65.87,False,False,False,True,False,False,False,4.0,15.13,5.27,REIT - Office,154.6762,0.0,277.3849,148.8147,157.2758,0.0,151.3542,15.87,154.73,1.0921860662102068,1.0003478233884722,1.0397494333557102,0.9838131486217204,1.022303973064507,22.01,Real Estate,stockoracle_payloads/reits_expanded_2025-10-27.json,DLR,154.721744,mean_ps_pb,0.008255999999988717,5.335746138427401e-05
47.04,6.95,15.31,6.57,6.12,False,False,False,False,False,False,False,4.0,1.48,4.0,REIT - Retail,115.3082,138.294,138.6845,116.3005,110.2948,127.998,111.0206,-12.04,115.16,2.44812925170068,0.998714748820986,0.9901935073365978,1.0441108737673943,1.037284972338467,46.52,Real Estate,stockoracle_payloads/reits_expanded_2025-10-27.json,FRT,105.2519525,median_all,9.908047499999995,0.08603723080930875
87.41,-3.98,38.85,5.37,19.54,False,False,False,True,False,False,False,4.0,6.99,7.73,Regulated Electric,88.5653,107.5102,107.3088,84.2856,89.3054,80.073,80.0226,0.17,84.27,0.964077336689166,0.951501321623706,0.9998149150032744,0.943615951555001,1.0530775056046666,44.93,Utilities,stockoracle_payloads/utilities_cluster_2025-10-25.json,NEE,84.2856,max_ps_pb,0.015600000000006276,0.0001851192595230364
212.5,-126.58,,5.37,18.91,False,False,False,True,False,False,False,4.0,6.57,6.56,Regulated Electric,107.1472,183.8448,182.2536,115.115,106.5056,155.8152,116.725,10.25,115.53,0.5436705882352941,1.078236295488823,1.0036050905616123,1.0847316948592374,0.9897622617262798,28.3,Utilities,stockoracle_payloads/utilities_cluster_2025-10-25.json,DUK,115.115,max_ps_pb,0.41500000000000625,0.003592140569549089
120.69,-95.63,,5.37,23.17,False,False,False,True,False,False,False,4.0,6.7,7.62,Regulated Electric,80.392,89.397,89.037,81.152,78.2276,84.5595,82.176,18.14,81.16,0.6724666500952854,1.0095531893720768,1.0000985804416402,1.0374854910543083,0.9876362928348908,34.01,Utilities,stockoracle_payloads/utilities_cluster_2025-10-25.json,SO,81.152,max_ps_pb,0.007999999999995566,9.857072449477041e-05
177.9,-159.96,,5.37,61.06,False,False,False,True,False,False,False,4.0,6.56,7.16,Regulated Electric,108.966,130.152,129.8232,101.4,110.6424,129.608,103.74,14.47,101.32,0.5695334457560427,0.929831323532111,0.9992110453648914,0.9157429701452608,0.9766724503566608,33.35,Utilities,stockoracle_payloads/utilities_cluster_2025-10-25.json,AEP,102.53700599999999,max_ps_pb,1.2170059999999978,0.012011508093170134
129.17,-208.15,,5.37,31.44,False,False,False,True,False,False,False,4.0,8.46,7.63,Regulated Electric,76.9265,75.0478,76.0266,63.4392,76.572,75.1537,64.8648,26.5,63.55,0.4919873035534567,0.8261132379609106,1.001746554181011,0.8299378362848038,0.979730146396813,18.6,Utilities,stockoracle_payloads/utilities_cluster_2025-10-25.json,XEL,72.3878365,max_ps_pb,8.837836500000009,0.13906902439024404
87.1,-301.6,,5.37,23.36,False,False,False,True,False,False,False,4.0,8.88,10.26,Regulated Electric,63.017,5.4144,-11.426,61.944,58.406,64.4544,59.452,-5.55,64.65,0.7422502870264065,1.0259136423504769,1.0436846183649748,1.106906824641304,1.087431877817399,33.58,Utilities,stockoracle_payloads/utilities_cluster_2025-10-25.json,D,61.944,max_ps_pb,2.706000000000003,0.041856148491879394
178.5,-84.56,,5.37,36.82,False,False,False,True,False,False,False,4.0,5.74,5.74,Regulated Electric,108.975,101.757,104.429,97.3588,108.2485,104.753,96.4656,2.99,97.14,0.5442016806722689,0.8913971094287682,0.997752642801678,0.8973796403645316,1.0069910931979895,18.9,Utilities,stockoracle_payloads/utilities_cluster_2025-10-25.json,ED,102.54547499999998,max_ps_pb,5.405474999999981,0.055646232242124574
77.05,-58.43,,5.37,6.33,False,False,False,True,False,False,False,4.0,9.34,10.75,Regulated Electric,17.4258,6.9768,7.5089,15.204,17.2875,18.183,15.5298,8.18,15.16,0.1967553536664503,0.8699744057661629,0.997106024730334,0.876934201012292,0.9761877165192082,19.65,Utilities,stockoracle_payloads/utilities_cluster_2025-10-25.json,PCG,16.397677799999997,max_ps_pb,1.2376777999999966,0.08164101583113434
98.71,-206.8,,5.37,33.11,False,False,False,True,False,False,False,4.0,6.45,8.3,Diversified Utilities,83.5971,91.0434,90.636,69.286,82.6525,77.0556,68.478,33.9,69.29,0.7019552223685545,0.8288565033954528,1.000057731720694,0.8383291491485436,1.011857822950437,19.17,Utilities,stockoracle_payloads/utilities_gas_ipp_2025-10-25.json,SRE,69.35528599999999,max_ps_pb,0.06528599999998619,0.0009422138836770988
77.22,-62.03,,5.37,13.19,False,False,False,True,False,False,False,4.0,8.71,8.44,Regulated Gas,36.7965,28.7045,27.5373,31.6956,37.1739,36.6707,29.877,37.94,31.63,0.4096089096089096,0.8595926242985066,0.9979303120937922,0.8508657956254253,1.058673896308197,37.56,Utilities,stockoracle_payloads/utilities_gas_ipp_2025-10-25.json,NI,32.0497515,max_ps_pb,0.4197515000000003,0.013270676572873863
229.37,-240.63,,5.37,108.66,False,False,False,True,False,False,False,4.0,7.21,7.44,Regulated Gas,140.9291,144.2462,143.8879,124.5146,140.0952,144.318,116.7683,41.33,124.48,0.5427039281510224,0.8832810257072528,0.9997221209400344,0.8885386508602722,1.0660427530417074,42.95,Utilities,stockoracle_payloads/utilities_gas_ipp_2025-10-25.json,ATO,124.3900854,max_ps_pb,0.08991460000000018,0.0007223216580976878
379.35,206.93,277.62,6.27,44.18,False,False,False,False,False,False,False,4.0,16.19,15.0,Independent Power Producers,48.6676,22.504,21.3885,82.456,34.8588,14.0128,76.4592,105.55,82.88,0.2184789771978383,1.7029810387198052,1.005142136412147,2.37759188497596,1.0839768137778056,6.77,Utilities,stockoracle_payloads/utilities_gas_ipp_2025-10-25.json,NRG,82.8070246,mean_ps_pb,0.07297539999999003,0.0008804946911195709
64.06,-117.21,,5.67,,False,False,False,True,True,False,False,4.0,3.4,11.17,Diversified Utilities,28.9003,-5.0901,-1.9454,20.28,31.5018,-32.5005,20.28,-28.43,20.33,0.3173587261941929,0.7034529053331625,1.002465483234714,0.6453599476855291,1.002465483234714,11.0,Utilities,stockoracle_payloads/utilities_gas_ipp_2025-10-25.json,AES,22.137629800000003,max_ps_pb,1.8076298000000044,0.08891440236104302
475.67,-1.78,1.83,6.87,246.66,False,False,False,True,False,False,False,4.0,21.05,15.0,Independent Power Producers,49.824,67.8056,67.4332,85.4906,21.2444,65.5411,52.208,136.38,85.23,0.179178842474825,1.7106213872832372,0.9969517116501696,4.01188077799326,1.632508427827153,58.78,Utilities,stockoracle_payloads/utilities_gas_ipp_2025-10-25.json,VST,85.31282929999999,mean_ps_pb,0.082829299999986,0.0009718326880204858
