IWM, iShares Russell 2000 ETF,NYSEARCA,ETF,Small Cap
CAR, Avis Budget Group,NYSE,Consumer Discretionary,Auto Rental
RXO, RXO Inc.,NYSE,Industrials,Trucking
SMCI, Super Micro Computer Inc.,NASDAQ,Technology,Servers
TTD, The Trade Desk Inc.,NASDAQ,Communication Services,Advertising
U, Unity Software Inc.,NYSE,Technology,Game Engine
AFRM, Affirm Holdings Inc.,NASDAQ,Financials,BNPL
UPST, Upstart Holdings Inc.,NASDAQ,Financials,AI Lending
TOST, Toast Inc.,NYSE,Technology,POS
HOOD, Robinhood Markets Inc.,NASDAQ,Financials,Brokerage
